荤侩扁包,朝楼,窜巩,厘巩,己傍肮荐,单捞磐扁霖老磊
堡林堡开矫 堡魂备没,2020-01-01,1,4511,4431,2020-12-31
堡林堡开矫 堡魂备没,2020-01-02,427,3675,3914,2020-12-31
堡林堡开矫 堡魂备没,2020-01-03,291,2686,2758,2020-12-31
堡林堡开矫 堡魂备没,2020-01-04,1,91,91,2020-12-31
堡林堡开矫 堡魂备没,2020-01-05,,943,922,2020-12-31
堡林堡开矫 堡魂备没,2020-01-06,422,1580,1930,2020-12-31
堡林堡开矫 堡魂备没,2020-01-07,439,2281,2628,2020-12-31
堡林堡开矫 堡魂备没,2020-01-08,425,1739,2013,2020-12-31
堡林堡开矫 堡魂备没,2020-01-09,394,2087,2402,2020-12-31
堡林堡开矫 堡魂备没,2020-01-10,437,3052,3339,2020-12-31
堡林堡开矫 堡魂备没,2020-01-11,,101,99,2020-12-31
堡林堡开矫 堡魂备没,2020-01-12,31,1405,1422,2020-12-31
堡林堡开矫 堡魂备没,2020-01-13,463,1976,2383,2020-12-31
堡林堡开矫 堡魂备没,2020-01-14,464,1465,1860,2020-12-31
堡林堡开矫 堡魂备没,2020-01-15,425,2032,2311,2020-12-31
堡林堡开矫 堡魂备没,2020-01-16,453,5569,5831,2020-12-31
堡林堡开矫 堡魂备没,2020-01-17,413,3183,3402,2020-12-31
堡林堡开矫 堡魂备没,2020-01-18,18,2576,2553,2020-12-31
堡林堡开矫 堡魂备没,2020-01-19,,218,216,2020-12-31
堡林堡开矫 堡魂备没,2020-01-20,382,2235,2520,2020-12-31
堡林堡开矫 堡魂备没,2020-01-21,643,2326,2880,2020-12-31
堡林堡开矫 堡魂备没,2020-01-22,547,1506,1920,2020-12-31
堡林堡开矫 堡魂备没,2020-01-23,356,3339,3571,2020-12-31
堡林堡开矫 堡魂备没,2020-01-24,,378,369,2020-12-31
堡林堡开矫 堡魂备没,2020-01-25,,4664,4463,2020-12-31
堡林堡开矫 堡魂备没,2020-01-26,14,20,34,2020-12-31
堡林堡开矫 堡魂备没,2020-01-27,4,1549,1416,2020-12-31
堡林堡开矫 堡魂备没,2020-01-28,525,2770,3171,2020-12-31
堡林堡开矫 堡魂备没,2020-01-29,363,27586,23598,2020-12-31
堡林堡开矫 堡魂备没,2020-01-30,544,1949,2376,2020-12-31
堡林堡开矫 堡魂备没,2020-01-31,600,4514,4660,2020-12-31
堡林堡开矫 堡魂备没,2020-02-01,,127,125,2020-12-31
堡林堡开矫 堡魂备没,2020-02-02,2,266,264,2020-12-31
堡林堡开矫 堡魂备没,2020-02-03,485,27513,23874,2020-12-31
堡林堡开矫 堡魂备没,2020-02-04,470,4600,4764,2020-12-31
堡林堡开矫 堡魂备没,2020-02-05,544,10477,10467,2020-12-31
堡林堡开矫 堡魂备没,2020-02-06,742,3877,4340,2020-12-31
堡林堡开矫 堡魂备没,2020-02-07,506,39848,35207,2020-12-31
堡林堡开矫 堡魂备没,2020-02-08,3,230,228,2020-12-31
堡林堡开矫 堡魂备没,2020-02-09,,258,257,2020-12-31
堡林堡开矫 堡魂备没,2020-02-10,505,6212,6325,2020-12-31
堡林堡开矫 堡魂备没,2020-02-11,408,10379,9993,2020-12-31
堡林堡开矫 堡魂备没,2020-02-12,241,3727,3745,2020-12-31
堡林堡开矫 堡魂备没,2020-02-13,392,3073,3332,2020-12-31
堡林堡开矫 堡魂备没,2020-02-14,427,9954,10075,2020-12-31
堡林堡开矫 堡魂备没,2020-02-15,310,685,963,2020-12-31
堡林堡开矫 堡魂备没,2020-02-16,310,318,606,2020-12-31
堡林堡开矫 堡魂备没,2020-02-17,500,2318,2648,2020-12-31
堡林堡开矫 堡魂备没,2020-02-18,590,1955,2446,2020-12-31
堡林堡开矫 堡魂备没,2020-02-19,821,3401,3522,2020-12-31
堡林堡开矫 堡魂备没,2020-02-20,481,2515,2930,2020-12-31
堡林堡开矫 堡魂备没,2020-02-21,500,21642,21428,2020-12-31
堡林堡开矫 堡魂备没,2020-02-22,,560,542,2020-12-31
堡林堡开矫 堡魂备没,2020-02-23,2,11571,11183,2020-12-31
堡林堡开矫 堡魂备没,2020-02-24,506,5008,4936,2020-12-31
堡林堡开矫 堡魂备没,2020-02-25,444,3307,3448,2020-12-31
堡林堡开矫 堡魂备没,2020-02-26,498,2070,2388,2020-12-31
堡林堡开矫 堡魂备没,2020-02-27,504,7048,7310,2020-12-31
堡林堡开矫 堡魂备没,2020-02-28,479,38765,29695,2020-12-31
堡林堡开矫 堡魂备没,2020-02-29,41,132,169,2020-12-31
堡林堡开矫 堡魂备没,2020-03-01,25,1770,1626,2020-12-31
堡林堡开矫 堡魂备没,2020-03-02,338,5750,5871,2020-12-31
堡林堡开矫 堡魂备没,2020-03-03,374,1642,1949,2020-12-31
堡林堡开矫 堡魂备没,2020-03-04,392,3242,3490,2020-12-31
堡林堡开矫 堡魂备没,2020-03-05,471,2446,2826,2020-12-31
堡林堡开矫 堡魂备没,2020-03-06,423,23708,17560,2020-12-31
堡林堡开矫 堡魂备没,2020-03-07,39,2685,2235,2020-12-31
堡林堡开矫 堡魂备没,2020-03-08,2,2816,2772,2020-12-31
堡林堡开矫 堡魂备没,2020-03-09,121,2092,2169,2020-12-31
堡林堡开矫 堡魂备没,2020-03-10,108,2245,2246,2020-12-31
堡林堡开矫 堡魂备没,2020-03-11,103,1020,1053,2020-12-31
堡林堡开矫 堡魂备没,2020-03-12,68,1042,1083,2020-12-31
堡林堡开矫 堡魂备没,2020-03-13,328,3460,3676,2020-12-31
堡林堡开矫 堡魂备没,2020-03-14,10,161,170,2020-12-31
堡林堡开矫 堡魂备没,2020-03-15,,1575,1505,2020-12-31
堡林堡开矫 堡魂备没,2020-03-16,77,1626,1673,2020-12-31
堡林堡开矫 堡魂备没,2020-03-17,99,1371,1411,2020-12-31
堡林堡开矫 堡魂备没,2020-03-18,167,1613,1671,2020-12-31
堡林堡开矫 堡魂备没,2020-03-19,2016,3888,5094,2020-12-31
堡林堡开矫 堡魂备没,2020-03-20,1762,19097,20037,2020-12-31
堡林堡开矫 堡魂备没,2020-03-21,5,3758,3719,2020-12-31
堡林堡开矫 堡魂备没,2020-03-22,2,343,284,2020-12-31
堡林堡开矫 堡魂备没,2020-03-23,324,1693,1957,2020-12-31
堡林堡开矫 堡魂备没,2020-03-24,117,2758,2632,2020-12-31
堡林堡开矫 堡魂备没,2020-03-25,199,2553,2662,2020-12-31
堡林堡开矫 堡魂备没,2020-03-26,143,2385,2464,2020-12-31
堡林堡开矫 堡魂备没,2020-03-27,106,5564,5316,2020-12-31
堡林堡开矫 堡魂备没,2020-03-28,40,261,296,2020-12-31
堡林堡开矫 堡魂备没,2020-03-29,35,743,773,2020-12-31
堡林堡开矫 堡魂备没,2020-03-30,369,2244,2405,2020-12-31
堡林堡开矫 堡魂备没,2020-03-31,159,25129,21427,2020-12-31
堡林堡开矫 堡魂备没,2020-04-01,108,1433,1506,2020-12-31
堡林堡开矫 堡魂备没,2020-04-02,154,1180,1302,2020-12-31
堡林堡开矫 堡魂备没,2020-04-03,109,21601,20701,2020-12-31
堡林堡开矫 堡魂备没,2020-04-04,5,717,709,2020-12-31
堡林堡开矫 堡魂备没,2020-04-05,6,704,697,2020-12-31
堡林堡开矫 堡魂备没,2020-04-06,178,3979,3941,2020-12-31
堡林堡开矫 堡魂备没,2020-04-07,73,8635,8232,2020-12-31
堡林堡开矫 堡魂备没,2020-04-08,145,7344,7073,2020-12-31
堡林堡开矫 堡魂备没,2020-04-09,186,6634,6418,2020-12-31
堡林堡开矫 堡魂备没,2020-04-10,158,3788,3852,2020-12-31
堡林堡开矫 堡魂备没,2020-04-11,12,1209,1207,2020-12-31
堡林堡开矫 堡魂备没,2020-04-12,1439,4135,5332,2020-12-31
堡林堡开矫 堡魂备没,2020-04-13,375,4057,4225,2020-12-31
堡林堡开矫 堡魂备没,2020-04-14,135,4504,4464,2020-12-31
堡林堡开矫 堡魂备没,2020-04-15,86,814,871,2020-12-31
堡林堡开矫 堡魂备没,2020-04-16,130,12025,11257,2020-12-31
堡林堡开矫 堡魂备没,2020-04-17,4439,5414,9610,2020-12-31
堡林堡开矫 堡魂备没,2020-04-18,13,256,269,2020-12-31
堡林堡开矫 堡魂备没,2020-04-19,12,1867,1853,2020-12-31
堡林堡开矫 堡魂备没,2020-04-20,389,4329,4196,2020-12-31
堡林堡开矫 堡魂备没,2020-04-21,86,4906,4592,2020-12-31
堡林堡开矫 堡魂备没,2020-04-22,557,6412,6806,2020-12-31
堡林堡开矫 堡魂备没,2020-04-23,4798,13738,18070,2020-12-31
堡林堡开矫 堡魂备没,2020-04-24,190,6137,6128,2020-12-31
堡林堡开矫 堡魂备没,2020-04-25,6,2274,2198,2020-12-31
堡林堡开矫 堡魂备没,2020-04-26,,246,243,2020-12-31
堡林堡开矫 堡魂备没,2020-04-27,902,18442,18355,2020-12-31
堡林堡开矫 堡魂备没,2020-04-28,453,16658,15252,2020-12-31
堡林堡开矫 堡魂备没,2020-04-29,147,8593,8253,2020-12-31
堡林堡开矫 堡魂备没,2020-04-30,4,1417,1048,2020-12-31
堡林堡开矫 堡魂备没,2020-05-01,22,18851,17267,2020-12-31
堡林堡开矫 堡魂备没,2020-05-02,1,1405,1384,2020-12-31
堡林堡开矫 堡魂备没,2020-05-03,19,608,604,2020-12-31
堡林堡开矫 堡魂备没,2020-05-04,4827,16476,19854,2020-12-31
堡林堡开矫 堡魂备没,2020-05-05,1,188,183,2020-12-31
堡林堡开矫 堡魂备没,2020-05-06,55,14092,13843,2020-12-31
堡林堡开矫 堡魂备没,2020-05-07,634,9426,8798,2020-12-31
堡林堡开矫 堡魂备没,2020-05-08,95,36983,32665,2020-12-31
堡林堡开矫 堡魂备没,2020-05-09,4,3874,3773,2020-12-31
堡林堡开矫 堡魂备没,2020-05-10,2,2035,2005,2020-12-31
堡林堡开矫 堡魂备没,2020-05-11,914,11449,11526,2020-12-31
堡林堡开矫 堡魂备没,2020-05-12,80,10779,9937,2020-12-31
堡林堡开矫 堡魂备没,2020-05-13,130,5434,5406,2020-12-31
堡林堡开矫 堡魂备没,2020-05-14,111,7656,7221,2020-12-31
堡林堡开矫 堡魂备没,2020-05-15,157,7573,6058,2020-12-31
堡林堡开矫 堡魂备没,2020-05-16,74,303,361,2020-12-31
堡林堡开矫 堡魂备没,2020-05-17,20,490,497,2020-12-31
堡林堡开矫 堡魂备没,2020-05-18,145,6867,6787,2020-12-31
堡林堡开矫 堡魂备没,2020-05-19,2224,7339,9174,2020-12-31
堡林堡开矫 堡魂备没,2020-05-20,88,6276,5878,2020-12-31
堡林堡开矫 堡魂备没,2020-05-21,549,4377,4025,2020-12-31
堡林堡开矫 堡魂备没,2020-05-22,751,9789,9819,2020-12-31
堡林堡开矫 堡魂备没,2020-05-23,5,1837,1769,2020-12-31
堡林堡开矫 堡魂备没,2020-05-24,10,65,71,2020-12-31
堡林堡开矫 堡魂备没,2020-05-25,330,6544,6525,2020-12-31
堡林堡开矫 堡魂备没,2020-05-26,179,28214,24134,2020-12-31
堡林堡开矫 堡魂备没,2020-05-27,156,3713,3680,2020-12-31
堡林堡开矫 堡魂备没,2020-05-28,389,3520,3766,2020-12-31
堡林堡开矫 堡魂备没,2020-05-29,79,7546,7409,2020-12-31
堡林堡开矫 堡魂备没,2020-05-30,135,163,247,2020-12-31
堡林堡开矫 堡魂备没,2020-05-31,7,183,190,2020-12-31
堡林堡开矫 堡魂备没,2020-06-01,199,1708,1733,2020-12-31
堡林堡开矫 堡魂备没,2020-06-02,223,3112,3181,2020-12-31
堡林堡开矫 堡魂备没,2020-06-03,246,4383,4520,2020-12-31
堡林堡开矫 堡魂备没,2020-06-04,523,2030,2480,2020-12-31
堡林堡开矫 堡魂备没,2020-06-05,455,3777,4011,2020-12-31
堡林堡开矫 堡魂备没,2020-06-06,337,115,442,2020-12-31
堡林堡开矫 堡魂备没,2020-06-07,330,586,877,2020-12-31
堡林堡开矫 堡魂备没,2020-06-08,434,2249,2611,2020-12-31
堡林堡开矫 堡魂备没,2020-06-09,604,6446,6831,2020-12-31
堡林堡开矫 堡魂备没,2020-06-10,398,5843,6084,2020-12-31
堡林堡开矫 堡魂备没,2020-06-11,457,4345,4635,2020-12-31
堡林堡开矫 堡魂备没,2020-06-12,386,4761,5025,2020-12-31
堡林堡开矫 堡魂备没,2020-06-13,326,116,403,2020-12-31
堡林堡开矫 堡魂备没,2020-06-14,305,365,667,2020-12-31
堡林堡开矫 堡魂备没,2020-06-15,392,3109,3361,2020-12-31
堡林堡开矫 堡魂备没,2020-06-16,407,4107,4261,2020-12-31
堡林堡开矫 堡魂备没,2020-06-17,581,3136,3612,2020-12-31
堡林堡开矫 堡魂备没,2020-06-18,419,4396,4669,2020-12-31
堡林堡开矫 堡魂备没,2020-06-19,438,3261,3621,2020-12-31
堡林堡开矫 堡魂备没,2020-06-20,340,191,497,2020-12-31
堡林堡开矫 堡魂备没,2020-06-21,301,257,547,2020-12-31
堡林堡开矫 堡魂备没,2020-06-22,384,3065,3335,2020-12-31
堡林堡开矫 堡魂备没,2020-06-23,637,2373,2940,2020-12-31
堡林堡开矫 堡魂备没,2020-06-24,416,3455,3689,2020-12-31
堡林堡开矫 堡魂备没,2020-06-25,422,2243,2573,2020-12-31
堡林堡开矫 堡魂备没,2020-06-26,392,4362,4654,2020-12-31
堡林堡开矫 堡魂备没,2020-06-27,326,166,484,2020-12-31
堡林堡开矫 堡魂备没,2020-06-28,306,185,488,2020-12-31
堡林堡开矫 堡魂备没,2020-06-29,472,2998,3338,2020-12-31
堡林堡开矫 堡魂备没,2020-06-30,567,25934,22544,2020-12-31
堡林堡开矫 堡魂备没,2020-07-01,388,5606,5686,2020-12-31
堡林堡开矫 堡魂备没,2020-07-02,915,7967,8464,2020-12-31
堡林堡开矫 堡魂备没,2020-07-03,801,10561,10974,2020-12-31
堡林堡开矫 堡魂备没,2020-07-04,568,27946,24342,2020-12-31
堡林堡开矫 堡魂备没,2020-07-05,328,3666,3892,2020-12-31
堡林堡开矫 堡魂备没,2020-07-06,440,2993,3198,2020-12-31
堡林堡开矫 堡魂备没,2020-07-07,868,6350,6689,2020-12-31
堡林堡开矫 堡魂备没,2020-07-08,1059,6028,6864,2020-12-31
堡林堡开矫 堡魂备没,2020-07-09,637,3247,3717,2020-12-31
堡林堡开矫 堡魂备没,2020-07-10,797,7022,7624,2020-12-31
堡林堡开矫 堡魂备没,2020-07-11,334,2458,2680,2020-12-31
堡林堡开矫 堡魂备没,2020-07-12,557,1166,1656,2020-12-31
堡林堡开矫 堡魂备没,2020-07-13,691,1968,2616,2020-12-31
堡林堡开矫 堡魂备没,2020-07-14,582,3916,4222,2020-12-31
堡林堡开矫 堡魂备没,2020-07-15,965,3370,3888,2020-12-31
堡林堡开矫 堡魂备没,2020-07-16,495,2413,2850,2020-12-31
堡林堡开矫 堡魂备没,2020-07-17,2701,12299,14725,2020-12-31
堡林堡开矫 堡魂备没,2020-07-18,404,822,1199,2020-12-31
堡林堡开矫 堡魂备没,2020-07-19,469,1713,2155,2020-12-31
堡林堡开矫 堡魂备没,2020-07-20,385,2139,2390,2020-12-31
堡林堡开矫 堡魂备没,2020-07-21,413,3138,3315,2020-12-31
堡林堡开矫 堡魂备没,2020-07-22,482,12585,12686,2020-12-31
堡林堡开矫 堡魂备没,2020-07-23,429,3211,3508,2020-12-31
堡林堡开矫 堡魂备没,2020-07-24,1024,5217,5689,2020-12-31
堡林堡开矫 堡魂备没,2020-07-25,350,450,790,2020-12-31
堡林堡开矫 堡魂备没,2020-07-26,333,609,926,2020-12-31
堡林堡开矫 堡魂备没,2020-07-27,442,3428,3691,2020-12-31
堡林堡开矫 堡魂备没,2020-07-28,531,25632,21627,2020-12-31
堡林堡开矫 堡魂备没,2020-07-29,398,5051,4954,2020-12-31
堡林堡开矫 堡魂备没,2020-07-30,433,3391,3347,2020-12-31
堡林堡开矫 堡魂备没,2020-07-31,409,6646,6274,2020-12-31
堡林堡开矫 堡魂备没,2020-08-01,316,254,559,2020-12-31
堡林堡开矫 堡魂备没,2020-08-02,310,745,1041,2020-12-31
堡林堡开矫 堡魂备没,2020-08-03,327,20932,20604,2020-12-31
堡林堡开矫 堡魂备没,2020-08-04,387,5643,5835,2020-12-31
堡林堡开矫 堡魂备没,2020-08-05,348,5419,5585,2020-12-31
堡林堡开矫 堡魂备没,2020-08-06,534,1753,2087,2020-12-31
堡林堡开矫 堡魂备没,2020-08-07,390,7793,7935,2020-12-31
堡林堡开矫 堡魂备没,2020-08-08,702,3375,3966,2020-12-31
堡林堡开矫 堡魂备没,2020-08-09,358,2844,3180,2020-12-31
堡林堡开矫 堡魂备没,2020-08-10,398,3578,3836,2020-12-31
堡林堡开矫 堡魂备没,2020-08-11,349,2956,3148,2020-12-31
堡林堡开矫 堡魂备没,2020-08-12,340,3143,3381,2020-12-31
堡林堡开矫 堡魂备没,2020-08-13,378,4974,5049,2020-12-31
堡林堡开矫 堡魂备没,2020-08-14,541,7175,7583,2020-12-31
堡林堡开矫 堡魂备没,2020-08-15,310,4028,4299,2020-12-31
堡林堡开矫 堡魂备没,2020-08-16,318,1269,1503,2020-12-31
堡林堡开矫 堡魂备没,2020-08-17,297,791,1074,2020-12-31
堡林堡开矫 堡魂备没,2020-08-18,481,3191,3587,2020-12-31
堡林堡开矫 堡魂备没,2020-08-19,509,26335,22800,2020-12-31
堡林堡开矫 堡魂备没,2020-08-20,410,6839,6845,2020-12-31
堡林堡开矫 堡魂备没,2020-08-21,650,5742,6240,2020-12-31
堡林堡开矫 堡魂备没,2020-08-22,434,21883,21507,2020-12-31
堡林堡开矫 堡魂备没,2020-08-23,384,4615,3874,2020-12-31
堡林堡开矫 堡魂备没,2020-08-24,1649,6916,8326,2020-12-31
堡林堡开矫 堡魂备没,2020-08-25,394,4880,5017,2020-12-31
堡林堡开矫 堡魂备没,2020-08-26,440,5243,5549,2020-12-31
堡林堡开矫 堡魂备没,2020-08-27,925,5838,6301,2020-12-31
堡林堡开矫 堡魂备没,2020-08-28,381,10055,10060,2020-12-31
堡林堡开矫 堡魂备没,2020-08-29,427,1971,1892,2020-12-31
堡林堡开矫 堡魂备没,2020-08-30,329,1965,2261,2020-12-31
堡林堡开矫 堡魂备没,2020-08-31,612,7511,7976,2020-12-31
堡林堡开矫 堡魂备没,2020-09-01,499,4378,4712,2020-12-31
堡林堡开矫 堡魂备没,2020-09-02,419,3489,3745,2020-12-31
堡林堡开矫 堡魂备没,2020-09-03,414,5218,4985,2020-12-31
堡林堡开矫 堡魂备没,2020-09-04,672,8055,8517,2020-12-31
堡林堡开矫 堡魂备没,2020-09-05,359,26385,22693,2020-12-31
堡林堡开矫 堡魂备没,2020-09-06,291,897,1180,2020-12-31
堡林堡开矫 堡魂备没,2020-09-07,451,2621,3014,2020-12-31
堡林堡开矫 堡魂备没,2020-09-08,560,2184,2358,2020-12-31
堡林堡开矫 堡魂备没,2020-09-09,374,4684,4530,2020-12-31
堡林堡开矫 堡魂备没,2020-09-10,514,14548,13998,2020-12-31
堡林堡开矫 堡魂备没,2020-09-11,948,4343,4846,2020-12-31
堡林堡开矫 堡魂备没,2020-09-12,406,857,832,2020-12-31
堡林堡开矫 堡魂备没,2020-09-13,337,1548,1424,2020-12-31
堡林堡开矫 堡魂备没,2020-09-14,456,10465,10127,2020-12-31
堡林堡开矫 堡魂备没,2020-09-15,349,26003,22245,2020-12-31
堡林堡开矫 堡魂备没,2020-09-16,395,1931,1975,2020-12-31
堡林堡开矫 堡魂备没,2020-09-17,488,3014,3097,2020-12-31
堡林堡开矫 堡魂备没,2020-09-18,453,5699,5764,2020-12-31
堡林堡开矫 堡魂备没,2020-09-19,348,1677,1702,2020-12-31
堡林堡开矫 堡魂备没,2020-09-20,328,3274,3104,2020-12-31
堡林堡开矫 堡魂备没,2020-09-21,393,21133,20566,2020-12-31
堡林堡开矫 堡魂备没,2020-09-22,407,2081,2101,2020-12-31
堡林堡开矫 堡魂备没,2020-09-23,601,5668,5668,2020-12-31
堡林堡开矫 堡魂备没,2020-09-24,701,8026,7175,2020-12-31
堡林堡开矫 堡魂备没,2020-09-25,388,35943,28096,2020-12-31
堡林堡开矫 堡魂备没,2020-09-26,324,2494,2478,2020-12-31
堡林堡开矫 堡魂备没,2020-09-27,362,1773,1726,2020-12-31
堡林堡开矫 堡魂备没,2020-09-28,749,12496,11037,2020-12-31
堡林堡开矫 堡魂备没,2020-09-29,13574,30477,39178,2020-12-31
堡林堡开矫 堡魂备没,2020-09-30,331,1833,1606,2020-12-31
堡林堡开矫 堡魂备没,2020-10-01,163,4890,4777,2020-12-31
堡林堡开矫 堡魂备没,2020-10-02,64,722,749,2020-12-31
堡林堡开矫 堡魂备没,2020-10-03,32,3495,3443,2020-12-31
堡林堡开矫 堡魂备没,2020-10-04,1,1669,1611,2020-12-31
堡林堡开矫 堡魂备没,2020-10-05,176,3049,3076,2020-12-31
堡林堡开矫 堡魂备没,2020-10-06,88,2742,2771,2020-12-31
堡林堡开矫 堡魂备没,2020-10-07,121,4534,2543,2020-12-31
堡林堡开矫 堡魂备没,2020-10-08,74,3389,3258,2020-12-31
堡林堡开矫 堡魂备没,2020-10-09,39,255,284,2020-12-31
堡林堡开矫 堡魂备没,2020-10-10,32,4119,4079,2020-12-31
堡林堡开矫 堡魂备没,2020-10-11,32,7349,6639,2020-12-31
堡林堡开矫 堡魂备没,2020-10-12,84,19249,18744,2020-12-31
堡林堡开矫 堡魂备没,2020-10-13,86,5225,5216,2020-12-31
堡林堡开矫 堡魂备没,2020-10-14,105,3491,3487,2020-12-31
堡林堡开矫 堡魂备没,2020-10-15,112,3811,3703,2020-12-31
堡林堡开矫 堡魂备没,2020-10-16,124,8941,8083,2020-12-31
堡林堡开矫 堡魂备没,2020-10-17,11,2771,2672,2020-12-31
堡林堡开矫 堡魂备没,2020-10-18,1,134,135,2020-12-31
堡林堡开矫 堡魂备没,2020-10-19,124,7881,7626,2020-12-31
堡林堡开矫 堡魂备没,2020-10-20,57,2780,2738,2020-12-31
堡林堡开矫 堡魂备没,2020-10-21,82,3220,3200,2020-12-31
堡林堡开矫 堡魂备没,2020-10-22,95,1671,1729,2020-12-31
堡林堡开矫 堡魂备没,2020-10-23,38,4945,4897,2020-12-31
堡林堡开矫 堡魂备没,2020-10-24,1,1067,1036,2020-12-31
堡林堡开矫 堡魂备没,2020-10-25,,1230,1212,2020-12-31
堡林堡开矫 堡魂备没,2020-10-26,520,5827,6168,2020-12-31
堡林堡开矫 堡魂备没,2020-10-27,47,11816,11283,2020-12-31
堡林堡开矫 堡魂备没,2020-10-28,183,7675,7568,2020-12-31
堡林堡开矫 堡魂备没,2020-10-29,85,46979,40660,2020-12-31
堡林堡开矫 堡魂备没,2020-10-30,175,13879,8078,2020-12-31
堡林堡开矫 堡魂备没,2020-10-31,5,12208,8152,2020-12-31
堡林堡开矫 堡魂备没,2020-11-01,53,942,,2020-12-31
堡林堡开矫 堡魂备没,2020-11-02,80,7654,,2020-12-31
堡林堡开矫 堡魂备没,2020-11-03,54,4901,,2020-12-31
堡林堡开矫 堡魂备没,2020-11-04,317,3041,,2020-12-31
堡林堡开矫 堡魂备没,2020-11-05,697,3482,,2020-12-31
堡林堡开矫 堡魂备没,2020-11-06,77,27989,,2020-12-31
堡林堡开矫 堡魂备没,2020-11-07,0,3867,,2020-12-31
堡林堡开矫 堡魂备没,2020-11-08,0,429,,2020-12-31
堡林堡开矫 堡魂备没,2020-11-09,323,5491,,2020-12-31
堡林堡开矫 堡魂备没,2020-11-10,128,3659,,2020-12-31
堡林堡开矫 堡魂备没,2020-11-11,43,4718,,2020-12-31
堡林堡开矫 堡魂备没,2020-11-12,116,4448,,2020-12-31
堡林堡开矫 堡魂备没,2020-11-13,153,11227,,2020-12-31
堡林堡开矫 堡魂备没,2020-11-14,4,884,,2020-12-31
堡林堡开矫 堡魂备没,2020-11-15,0,4326,,2020-12-31
堡林堡开矫 堡魂备没,2020-11-16,448,6144,,2020-12-31
堡林堡开矫 堡魂备没,2020-11-17,138,3316,,2020-12-31
堡林堡开矫 堡魂备没,2020-11-18,208,17104,,2020-12-31
堡林堡开矫 堡魂备没,2020-11-19,207,4149,,2020-12-31
堡林堡开矫 堡魂备没,2020-11-20,41,27916,,2020-12-31
堡林堡开矫 堡魂备没,2020-11-21,4,1769,,2020-12-31
堡林堡开矫 堡魂备没,2020-11-22,1,3859,,2020-12-31
堡林堡开矫 堡魂备没,2020-11-23,406,4855,,2020-12-31
堡林堡开矫 堡魂备没,2020-11-24,151,3579,,2020-12-31
堡林堡开矫 堡魂备没,2020-11-25,104,5851,,2020-12-31
堡林堡开矫 堡魂备没,2020-11-26,39,3179,,2020-12-31
堡林堡开矫 堡魂备没,2020-11-27,163,12108,,2020-12-31
堡林堡开矫 堡魂备没,2020-11-28,2,2143,,2020-12-31
堡林堡开矫 堡魂备没,2020-11-29,19,1353,,2020-12-31
堡林堡开矫 堡魂备没,2020-11-30,865,9184,,2020-12-31
堡林堡开矫 堡魂备没,2020-12-01,227,41293,,2020-12-31
堡林堡开矫 堡魂备没,2020-12-02,38,22124,,2020-12-31
堡林堡开矫 堡魂备没,2020-12-03,117,3972,,2020-12-31
堡林堡开矫 堡魂备没,2020-12-04,76,9631,,2020-12-31
堡林堡开矫 堡魂备没,2020-12-05,7,994,,2020-12-31
堡林堡开矫 堡魂备没,2020-12-06,2,13750,,2020-12-31
堡林堡开矫 堡魂备没,2020-12-07,79,5359,,2020-12-31
堡林堡开矫 堡魂备没,2020-12-08,48,4603,,2020-12-31
堡林堡开矫 堡魂备没,2020-12-09,106,12863,,2020-12-31
堡林堡开矫 堡魂备没,2020-12-10,281,9683,,2020-12-31
堡林堡开矫 堡魂备没,2020-12-11,43,8430,,2020-12-31
堡林堡开矫 堡魂备没,2020-12-12,12,2276,,2020-12-31
堡林堡开矫 堡魂备没,2020-12-13,2,1574,,2020-12-31
堡林堡开矫 堡魂备没,2020-12-14,141,10067,,2020-12-31
堡林堡开矫 堡魂备没,2020-12-15,70,7142,,2020-12-31
堡林堡开矫 堡魂备没,2020-12-16,48,1803,,2020-12-31
堡林堡开矫 堡魂备没,2020-12-17,61,5827,,2020-12-31
堡林堡开矫 堡魂备没,2020-12-18,327,4455,,2020-12-31
堡林堡开矫 堡魂备没,2020-12-19,263,1976,,2020-12-31
堡林堡开矫 堡魂备没,2020-12-20,246,954,,2020-12-31
堡林堡开矫 堡魂备没,2020-12-21,298,5105,,2020-12-31
堡林堡开矫 堡魂备没,2020-12-22,329,4915,,2020-12-31
堡林堡开矫 堡魂备没,2020-12-23,286,11787,,2020-12-31
堡林堡开矫 堡魂备没,2020-12-24,347,3194,,2020-12-31
堡林堡开矫 堡魂备没,2020-12-25,241,4979,,2020-12-31
堡林堡开矫 堡魂备没,2020-12-26,256,7026,,2020-12-31
堡林堡开矫 堡魂备没,2020-12-27,246,1743,,2020-12-31
堡林堡开矫 堡魂备没,2020-12-28,789,11514,,2020-12-31
堡林堡开矫 堡魂备没,2020-12-29,527,6365,,2020-12-31
堡林堡开矫 堡魂备没,2020-12-30,462,5594,,2020-12-31
堡林堡开矫 堡魂备没,2020-12-31,1788,9862,,2020-12-31
